theta_0,theta_1,itnr
0,0,0
0.05839135051546389,0.6532884974555669,1
0.06289175271039381,0.7700097825599365,2
0.05782292746142809,0.7913481156584673,3
0.051063625160778114,0.795729810284954,4
0.04401437836500257,0.7970961782721866,5
0.036924131142162586,0.7979254732843951,6
0.029837117577144804,0.7986582394519285,7
0.022761181894038814,0.7993727912003019,8
0.01569769957420011,0.8000830518518655,9
0.008646896228913509,0.8007914983590768,10
0.001608793098984337,0.8014985729280016,11
-0.0054166248703206715,0.8022043560583255,12
-0.012429379151800795,0.8029088639482521,13
-0.019429492325268347,0.8036121013621461,14
-0.026416987133500144,0.8043140710284592,15
-0.033391886314481437,0.8050147753103407,16
-0.04035421257164589,0.8057142165026173,17
-0.04730398856864608,0.8064123968845912,18
-0.05424123692848457,0.8071093187294315,19
-0.06116598023341996,0.8078049843058496,20
-0.06807824102501056,0.8084993958784036,21
-0.07497804180418251,0.8091925557075582,22
-0.0818654050313021,0.8098844660497012,23
-0.08874035312624869,0.8105751291571527,24
-0.09560290846848762,0.8112645472781728,25
-0.10245309339714317,0.8119527226569687,26
-0.10929093021107116,0.8126396575337025,27
-0.11611644116893158,0.813325354144498,28
-0.12292964848926109,0.8140098147214483,29
-0.1297305743505453,0.8146930414926227,30
-0.13651924089129094,0.8153750366820742,31
-0.143295670210098,0.8160558025098472,32
-0.15005988436573162,0.8167353411919838,33
-0.15681190537719386,0.8174136549405314,34
-0.1635517552237955,0.8180907459635505,35
-0.1702794558452274,0.8187666164651208,36
-0.17699502914163215,0.8194412686453493,37
-0.18369849697367513,0.8201147047003767,38
-0.1903898811626158,0.8207869268223856,39
-0.19706920349037874,0.8214579371996062,40
-0.2037364856996245,0.8221277380163249,41
-0.21039174949382042,0.8227963314528903,42
-0.21703501653731125,0.8234637196857207,43
-0.22366630845538965,0.8241299048873114,44
-0.23028564683436667,0.8247948892262416,45
-0.23689305322164195,0.8254586748671812,46
-0.24348854912577386,0.826121263970898,47
-0.25007215601654953,0.8267826586942654,48
-0.25664389532505477,0.8274428611902682,49
-0.2632037884437438,0.8281018736080105,50
-0.2697518567265089,0.8287596980927223,51
-0.27628812148874987,0.8294163367857669,52
-0.28281260400744346,0.8300717918246473,53
-0.2893253255212127,0.8307260653430134,54
-0.2958263072303959,0.8313791594706694,55
-0.3023155702971157,0.8320310763335801,56
-0.3087931358453481,0.8326818180538778,57
-0.31525902496099106,0.8333313867498697,58
-0.3217132586919331,0.8339797845360446,59
-0.32815585804812203,0.8346270135230796,60
-0.33458684400163313,0.835273075817847,61
-0.3410062374867376,0.8359179735234217,62
-0.34741405939997044,0.8365617087390872,63
-0.35381033060019884,0.8372042835603428,64
-0.36019507190868977,0.8378457000789108,65
-0.3665683041091779,0.8384859603827427,66
-0.3729300479479332,0.8391250665560264,67
-0.3792803241338286,0.8397630206791926,68
-0.3856191533384072,0.8403998248289224,69
-0.3919465561959496,0.8410354810781528,70
-0.39826255330354127,0.8416699914960846,71
-0.40456716522113945,0.8423033581481884,72
-0.41086041247164,0.8429355830962117,73
-0.4171423155409444,0.8435666683981857,74
-0.4234128948780262,0.8441966161084314,75
-0.4296721708949978,0.844825428277567,76
-0.4359201639671768,0.8454531069525142,77
-0.44215689443315237,0.8460796541765048,78
-0.44838238259485136,0.8467050719890875,79
-0.45459664871760447,0.8473293624261348,80
-0.4607997130302123,0.8479525275198488,81
-0.46699159572501087,0.8485745692987691,82
-0.4731723169579378,0.8491954897877779,83
-0.4793418968485976,0.8498152910081079,84
-0.48550035548032733,0.8504339749773481,85
-0.49164771290026177,0.8510515437094506,86
-0.497783989119399,0.8516679992147372,87
-0.5039092041126652,0.8522833434999061,88
-0.5100233778189799,0.8528975785680377,89
-0.5161265301413209,0.8535107064186023,90
-0.5222186809467889,0.8541227290474656,91
-0.5282998500666722,0.8547336484468955,92
-0.5343700572965113,0.8553434666055688,93
-0.5404293223961635,0.8559521855085775,94
-0.5464776650898668,0.8565598071374354,95
-0.5525151050663047,0.8571663334700842,96
-0.5585416619786697,0.8577717664809001,97
-0.5645573554447276,0.8583761081407008,98
-0.5705622050468814,0.8589793604167507,99
-0.5765562303322347,0.8595815252727688,100
-0.5825394508126558,0.8601826046689336,101
-0.5885118859648409,0.8607826005618906,102
-0.5944735552303778,0.8613815149047582,103
-0.6004244780158086,0.861979349647134,104
-0.6063646736926934,0.8625761067351013,105
-0.6122941615976734,0.8631717881112356,106
-0.6182129610325333,0.8637663957146104,107
-0.6241210912642648,0.864359931480804,108
-0.630018571525129,0.8649523973419058,109
-0.6359054210127186,0.865543795226522,110
-0.6417816588900213,0.8661341270597828,111
-0.6476473042854812,0.8667233947633476,112
-0.6535023762930622,0.8673116002554123,113
-0.6593468939723088,0.8678987454507151,114
-0.6651808763484093,0.8684848322605423,115
-0.671004342412257,0.8690698625927351,116
-0.6768173111205126,0.8696538383516959,117
-0.6826198013956652,0.8702367614383937,118
-0.6884118321260947,0.8708186337503714,119
-0.6941934221661327,0.8713994571817509,120
-0.6999645903361239,0.8719792336232401,121
-0.7057253554224879,0.8725579649621386,122
-0.7114757361777797,0.873135653082344,123
-0.7172157513207511,0.8737122998643578,124
-0.7229454195364116,0.874287907185292,125
-0.728664759476089,0.8748624769188749,126
-0.7343737897574906,0.8754360109354568,127
-0.7400725289647632,0.876008511102017,128
-0.745760995648554,0.8765799792821695,129
-0.751439208326071,0.8771504173361683,130
-0.7571071854811431,0.8777198271209147,131
-0.7627649455642801,0.8782882104899624,132
-0.7684125069927333,0.8788555692935243,133
-0.7740498881505551,0.8794219053784776,134
-0.7796771073886586,0.8799872205883708,135
-0.785294183024878,0.8805515167634289,136
-0.7909011333440276,0.8811147957405598,137
-0.7964979765979616,0.8816770593533604,138
-0.8020847310056336,0.882238309432122,139
-0.8076614147531557,0.8827985478038369,140
-0.8132280459938577,0.8833577762922041,141
-0.8187846428483464,0.883915996717635,142
-0.8243312234045646,0.8844732108972596,143
-0.8298678057178496,0.8850294206449325,144
-0.8353944078109924,0.8855846277712385,145
-0.840911047674296,0.8861388340834986,146
-0.8464177432656345,0.8866920413857761,147
-0.8519145125105108,0.8872442514788821,148
-0.8574013733021155,0.887795466160382,149
-0.8628783435013853,0.8883456872246002,150
-0.8683454409370605,0.8888949164626272,151
-0.8738026834057434,0.8894431556623249,152
-0.8792500886719564,0.8899904066083322,153
-0.8846876744681996,0.8905366710820709,154
-0.8901154584950085,0.891081950861752,155
-0.8955334584210117,0.8916262477223809,156
-0.9009416918829886,0.892169563435763,157
-0.9063401764859261,0.8927118997705107,158
-0.9117289298030771,0.8932532584920476,159
-0.9171079693760165,0.8937936413626153,160
-0.922477312714699,0.8943330501412785,161
-0.9278369772975161,0.8948714865839315,162
-0.9331869805713527,0.8954089524433027,163
-0.938527339951644,0.8959454494689618,164
-0.943858072822432,0.8964809794073243,165
-0.9491791965364226,0.8970155440016577,166
-0.9544907284150417,0.8975491449920872,167
-0.9597926857484916,0.898081784115601,168
-0.9650850857958077,0.8986134631060566,169
-0.9703679457849137,0.8991441836941857,170
-0.9756412829126788,0.8996739476076004,171
-0.9809051143449731,0.9002027565707984,172
-0.9861594572167234,0.9007306123051692,173
-0.9914043286319694,0.9012575165289988,174
-0.996639745663919,0.9017834709574764,175
-1.001865725355004,0.902308477302699,176
-1.0070822847169358,0.9028325372736775,177
-1.01228944073076,0.9033556525763423,178
-1.017487210346913,0.9038778249135484,179
-1.0226756104852757,0.9043990559850815,180
-1.0278546580352297,0.9049193474876631,181
-1.0330243698557118,0.9054387011149563,182
-1.038184762775269,0.9059571185575711,183
-1.0433358535921131,0.9064746015030702,184
-1.0484776590741756,0.9069911516359741,185
-1.0536101959591622,0.907506770637767,186
-1.0587334809546072,0.9080214601869019,187
-1.063847530737928,0.9085352219588062,188
-1.0689523619564796,0.9090480576258873,189
-1.074047991227608,0.9095599688575379,190
-1.0791344351387053,0.9100709573201414,191
-1.0842117102472633,0.9105810246770776,192
-1.0892798330809268,0.9110901725887276,193
-1.0943388201375486,0.9115984027124796,194
-1.0993886878852421,0.9121057167027342,195
-1.1044294527624354,0.91261211621091,196
-1.109461131177925,0.9131176028854483,197
-1.1144837395109286,0.9136221783718195,198
-1.1194972941111392,0.9141258443125273,199
-1.1245018112987775,0.9146286023471152,200
-1.1294973073646457,0.9151304541121706,201
-1.1344837985701803,0.9156314012413316,202
-1.1394613011475048,0.9161314453652908,203
-1.1444298312994827,0.9166305881118018,204
-1.1493894051997708,0.9171288311056836,205
-1.1543400389928709,0.9176261759688266,206
-1.1592817487941824,0.9181226243201975,207
-1.164214550690056,0.9186181777758449,208
-1.169138460737845,0.9191128379489037,209
-1.1740534949659573,0.9196066064496018,210
-1.1789596693739084,0.9200994848852637,211
-1.1838569999323731,0.9205914748603171,212
-1.1887455025832376,0.9210825779762974,213
-1.1936251932396513,0.921572795831853,214
-1.1984960877860784,0.9220621300227506,215
-1.2033582020783502,0.9225505821418805,216
-1.208211551943716,0.9230381537792615,217
-1.213056153180895,0.9235248465220464,218
-1.217892021560128,0.9240106619545269,219
-1.2227191728232283,0.9244956016581389,220
-1.227537622683633,0.9249796672114676,221
-1.232347386826454,0.9254628601902526,222
-1.2371484809085298,0.9259451821673932,223
-1.2419409205584755,0.9264266347129532,224
-1.2467247213767343,0.9269072193941664,225
-1.2514998989356283,0.9273869377754415,226
-1.2562664687794085,0.9278657914183671,227
-1.2610244464243063,0.928343781881717,228
-1.2657738473585838,0.928820910721455,229
-1.2705146870425834,0.9292971794907403,230
-1.2752469809087792,0.9297725897399323,231
-1.2799707443618265,0.9302471430165956,232
-1.2846859927786125,0.9307208408655054,233
-1.289392741508306,0.9311936848286524,234
-1.2940910058724073,0.9316656764452471,235
-1.2987808011647985,0.932136817251726,236
-1.303462142651793,0.932607108781756,237
-1.3081350455721847,0.9330765525662391,238
-1.312799525137299,0.9335451501333181,239
-1.3174555965310406,0.9340129030083807,240
-1.3221032749099442,0.9344798127140652,241
-1.3267425754032232,0.9349458807702655,242
-1.331373513112819,0.9354111086941351,243
-1.335996103113451,0.9358754980000933,244
-1.3406103604526642,0.9363390501998291,245
-1.3452163001508792,0.9368017668023066,246
-1.349813937201441,0.9372636493137702,247
-1.3544032865706677,0.9377246992377486,248
-1.3589843631978988,0.9381849180750605,249
-1.3635571819955448,0.9386443073238195,250
-1.3681217578491345,0.9391028684794385,251
-1.3726781056173645,0.9395606030346343,252
-1.377226240132147,0.9400175124794338,253
-1.3817661761986584,0.9404735983011773,254
-1.3862979285953874,0.9409288619845244,255
-1.3908215120741827,0.9413833050114583,256
-1.3953369413603018,0.9418369288612908,257
-1.3998442311524586,0.9422897350106672,258
-1.4043433961228704,0.9427417249335708,259
-1.4088344509173072,0.9431929001013282,260
-1.4133174101551385,0.9436432619826134,261
-1.4177922884293805,0.9440928120434534,262
-1.4222591003067446,0.9445415517472323,263
-1.426717860327684,0.9449894825546963,264
-1.4311685830064413,0.9454366059239585,265
-1.435611282831096,0.9458829233105037,266
-1.4400459742636116,0.9463284361671929,267
-1.4444726717398821,0.9467731459442682,268
-1.4488913896697797,0.9472170540893577,269
-1.4533021424372015,0.9476601620474799,270
-1.4577049444001158,0.9481024712610484,271
-1.4620998098906097,0.9485439831698768,272
-1.4664867532149353,0.9489846992111832,273
-1.470865788653556,0.9494246208195952,274
-1.4752369304611939,0.9498637494271542,275
-1.479600192866875,0.9503020864633202,276
-1.4839555900739763,0.9507396333549765,277
-1.4883031362602719,0.9511763915264342,278
-1.4926428455779792,0.9516123623994371,279
-1.4969747321538047,0.9520475473931662,280
-1.5012988100889904,0.9524819479242441,281
-1.505615093459359,0.9529155654067399,282
-1.5099235963153608,0.9533484012521737,283
-1.514224332682118,0.9537804568695212,284
-1.518517316559472,0.9542117336652183,285
-1.522802561922028,0.9546422330431656,286
-1.5270800827192001,0.9550719564047332,287
-1.5313498928752576,0.955500905148765,288
-1.5356120062893701,0.9559290806715831,289
-1.5398664368356523,0.956356484366993,290
-1.5441131983632097,0.9567831176262876,291
-1.5483523046961836,0.9572089818382518,292
-1.5525837696337954,0.957634078389167,293
-1.5568076069503929,0.9580584086628159,294
-1.5610238303954935,0.9584819740404867,295
-1.5652324536938302,0.9589047759009777,296
-1.569433490545396,0.9593268156206016,297
-1.573626954625488,0.9597480945731905,298
-1.5778128595847523,0.9601686141300999,299
-1.5819912190492287,0.9605883756602133,300
-1.5861620466203945,0.9610073805299465,301
-1.5903253558752093,0.9614256301032524,302
-1.5944811603661584,0.9618431257416252,303
-1.598629473621298,0.9622598688041049,304
-1.6027703091442984,0.9626758606472816,305
-1.6069036804144885,0.9630911026253001,306
-1.611029600886899,0.9635055960898642,307
-1.6151480839923067,0.963919342390241,308
-1.6192591431372787,0.9643323428732659,309
-1.6233627917042148,0.9647445988833457,310
-1.627459043051392,0.9651561117624645,311
-1.6315479105130077,0.965566882850187,312
-1.6356294073992232,0.9659769134836632,313
-1.6397035469962071,0.966386204997633,314
-1.643770342566178,0.9667947587244299,315
-1.6478298073474484,0.9672025759939861,316
-1.6518819545544674,0.9676096581338364,317
-1.6559267973778635,0.9680160064691224,318
-1.6599643489844884,0.9684216223225973,319
-1.6639946225174589,0.9688265070146297,320
-1.6680176310962,0.969230661863208,321
-1.6720333878164881,0.9696340881839453,322
-1.676041905750493,0.9700367872900825,323
-1.6800431979468202,0.9704387604924937,324
-1.6840372774305545,0.9708400090996899,325
-1.6880241572033017,0.9712405344178237,326
-1.6920038502432304,0.9716403377506925,327
-1.695976369505115,0.9720394203997442,328
-1.6999417279203783,0.9724377836640803,329
-1.7038999383971323,0.9728354288404608,330
-1.707851013820221,0.973232357223308,331
-1.7117949670512624,0.973628570104711,332
-1.71573181092869,0.9740240687744296,333
-1.7196615582677952,0.9744188545198987,334
-1.723584221860768,0.9748129286262328,335
-1.7274998144767397,0.9752062923762296,336
-1.731408348861824,0.9755989470503743,337
-1.7353098377391583,0.9759908939268442,338
-1.7392042938089454,0.9763821342815124,339
-1.743091729748495,0.9767726693879522,340
-1.7469721582122641,0.977162500517441,341
-1.7508455918318997,0.9775516289389647,342
-1.7547120432162784,0.977940055919222,343
-1.7585715249515483,0.9783277827226277,344
-1.7624240496011698,0.9787148106113178,345
-1.7662696297059566,0.979101140845153,346
-1.770108277784116,0.979486774681723,347
-1.77394000633129,0.9798717133763506,348
-1.7777648278205966,0.980255958182096,349
-1.7815827547026695,0.98063951034976,350
-1.7853937994056985,0.9810223711278895,351
-1.7891979743354711,0.98140454176278,352
-1.7929952918754117,0.9817860234984812,353
-1.7967857643866227,0.9821668175767997,354
-1.8005694042079243,0.9825469252373038,355
-1.8043462236558947,0.9829263477173273,356
-1.8081162350249103,0.983305086251974,357
-1.8118794505871858,0.9836831420741207,358
-1.815635882592814,0.9840605164144222,359
-1.819385543269806,0.9844372105013148,360
-1.8231284448241303,0.9848132255610205,361
-1.8268645994397532,0.9851885628175507,362
-1.8305940192786783,0.9855632234927107,363
-1.8343167164809857,0.9859372088061034,364
-1.8380327031648724,0.9863105199751329,365
-1.8417419914266906,0.986683158215009,366
-1.845444593340988,0.9870551247387511,367
-1.8491405209605467,0.9874264207571918,368
-1.8528297863164227,0.9877970474789811,369
-1.8565124014179843,0.9881670061105906,370
-1.8601883782529525,0.9885362978563166,371
-1.8638577287874387,0.988904923918285,372
-1.8675204649659847,0.9892728854964544,373
-1.8711765987116007,0.9896401837886206,374
-1.8748261419258045,0.9900068199904203,375
-1.878469106488661,0.9903727952953345,376
-1.882105504258819,0.9907381108946934,377
-1.885735347073552,0.9911027679776796,378
-1.8893586467487953,0.9914667677313317,379
-1.8929754150791847,0.9918301113405489,380
-1.896585663838095,0.9921927999880944,381
-1.9001894047776786,0.9925548348545994,382
-1.9037866496289035,0.9929162171185668,383
-1.9073774101015915,0.9932769479563754,384
-1.910961697884456,0.9936370285422832,385
-1.9145395246451407,0.9939964600484313,386
-1.9181109020302571,0.9943552436448486,387
-1.921675841665423,0.9947133804994541,388
-1.9252343551552993,0.9950708717780621,389
-1.9287864540836286,0.9954277186443851,390
-1.9323321500132729,0.995783922260038,391
-1.9358714544862508,0.9961394837845419,392
-1.9394043790237754,0.9964944043753273,393
-1.9429309351262916,0.9968486851877391,394
-1.9464511342735138,0.9972023273750388,395
-1.9499649879244632,0.9975553320884093,396
-1.9534725075175046,0.9979077004769586,397
-1.9569737044703845,0.9982594336877233,398
-1.9604685901802676,0.998610532865672,399
-1.9639571760237742,0.9989609991537096,400
-1.9674394733570169,0.9993108336926809,401
-1.970915493515638,0.9996600376213741,402
-1.9743852478148467,1.0000086120765248,403
-1.9778487475494546,1.000356558192819,404
-1.9813060039939139,1.0007038771028982,405
-1.984757028402353,1.0010505699373613,406
-1.9882018320086143,1.0013966378247696,407
-1.9916404260262899,1.0017420818916503,408
-1.9950728216487579,1.0020869032624995,409
-1.9984990300492198,1.0024311030597866,410
-2.001919062380736,1.0027746824039572,411
-2.0053329297762628,1.0031176424134378,412
-2.008740643348688,1.0034599842046386,413
-2.0121422141908676,1.0038017088919569,414
-2.015537653375661,1.004142817587782,415
-2.018926971955968,1.0044833114024971,416
-2.0223101809647654,1.004823191444485,417
-2.025687291415141,1.0051624588201293,418
-2.0290583143003307,1.00550111463382,419
-2.0324232605937538,1.005839159987956,420
-2.0357821412490495,1.0061765959829492,421
-2.039134967200112,1.006513423717228,422
-2.042481749361125,1.0068496442872403,423
-2.0458224986266003,1.0071852587874581,424
-2.0491572258714092,1.0075202683103803,425
-2.0524859419508217,1.0078546739465364,426
-2.055808657700539,1.0081884767844902,427
-2.0591253839367307,1.008521677910843,428
-2.0624361314560686,1.008854278410238,429
-2.0657409110357627,1.0091862793653623,430
-2.069039733433596,1.0095176818569525,431
-2.07233260938796,1.0098484869637963,432
-2.075619549617888,1.0101786957627366,433
-2.078900564823093,1.0105083093286757,434
-2.082175665684,1.0108373287345784,435
-2.08544486286178,1.0111657550514748,436
-2.0887081669983885,1.0114935893484647,437
-2.091965588716597,1.011820832692721,438
-2.095217138620028,1.0121474861494921,439
-2.09846282729319,1.0124735507821072,440
-2.1017026653015125,1.012799027651978,441
-2.1049366631913795,1.0131239178186033,442
-2.108164831490164,1.0134482223395718,443
-2.111387180706263,1.013771942270566,444
-2.11460372132913,1.014095078665365,445
-2.117814463829311,1.0144176325758494,446
-2.121019418658478,1.0147396050520026,447
-2.1242185962494626,1.0150609971419156,448
-2.1274120070162903,1.0153818098917904,449
-2.1305996613542137,1.0157020443459428,450
-2.1337815696397477,1.0160217015468063,451
-2.1369577422307025,1.0163407825349353,452
-2.140128189466217,1.0166592883490084,453
-2.1432929216667933,1.016977220025832,454
-2.1464519491343292,1.0172945786003436,455
-2.149605282152153,1.0176113651056147,456
-2.1527529309850553,1.0179275805728554,457
-2.155894905879325,1.018243226031416,458
-2.159031217062779,1.0185583025087923,459
-2.1621618747448,1.0188728110306269,460
-2.165286889116365,1.0191867526207143,461
-2.1684062703500824,1.0195001283010032,462
-2.1715200286002228,1.0198129390916004,463
-2.174628174002753,1.0201251860107736,464
-2.1777307166753683,1.0204368700749549,465
-2.180827666717527,1.0207479922987446,466
-2.1839190342104806,1.021058553694914,467
-2.1870048292173094,1.0213685552744083,468
-2.1900850617829537,1.0216779980463508,469
-2.1931597419342466,1.0219868830180456,470
-2.1962288796799467,1.0222952111949812,471
-2.1992924850107713,1.0226029835808335,472
-2.2023505678994284,1.0229102011774691,473
-2.205403138300649,1.023216864984949,474
-2.2084502061512206,1.0235229760015305,475
-2.2114917813700172,1.0238285352236731,476
-2.2145278738580343,1.0241335436460386,477
-2.2175584934984194,1.0244380022614963,478
-2.220583650156505,1.024741912061126,479
-2.22360335367984,1.025045274034221,480
-2.226617613898222,1.0253480891682911,481
-2.22962644062373,1.0256503584490657,482
-2.2326298436507557,1.025952082860498,483
-2.2356278327560353,1.026253263384767,484
-2.238620417698681,1.0265539010022813,485
-2.2416076082202143,1.0268539966916828,486
-2.2445894140445963,1.0271535514298484,487
-2.247565844878259,1.027452566191895,488
-2.2505369104101387,1.0277510419511808,489
-2.2535026203117057,1.0280489796793102,490
-2.256462984236997,1.0283463803461357,491
-2.2594180118226475,1.0286432449197622,492
-2.26236771268792,1.0289395743665486,493
-2.2653120964347386,1.0292353696511127,494
-2.268251172647719,1.0295306317363329,495
-2.2711849508941993,1.029825361583352,496
-2.2741134407242716,1.0301195601515802,497
-2.2770366516708136,1.0304132283986989,498
-2.2799545932495184,1.0307063672806624,499
-2.2828672749589267,1.0309989777517024,500
-2.2857747062804568,1.03129106076433,501
-2.288676896678436,1.0315826172693394,502
-2.2915738556001313,1.0318736482158113,503
-2.2944655924757797,1.032164154551115,504
-2.2973521167186197,1.0324541372209128,505
-2.3002334377249216,1.0327435971691619,506
-2.303109564874018,1.0330325353381176,507
-2.3059805075283335,1.0333209526683376,508
-2.3088462750334173,1.033608850098683,509
-2.3117068767179716,1.0338962285663238,510
-2.3145623218938827,1.0341830890067396,511
-2.3174126198562517,1.0344694323537242,512
-2.3202577798834243,1.034755259539388,513
-2.3230978112370213,1.0350405714941615,514
-2.325932723161968,1.0353253691467976,515
-2.3287625248865247,1.0356096534243748,516
-2.3315872256223176,1.0358934252523015,517
-2.334406834564368,1.0361766855543169,518
-2.3372213608911214,1.0364594352524954,519
-2.3400308137644794,1.0367416752672496,520
-2.3428352023298276,1.0370234065173325,521
-2.3456345357160666,1.0373046299198414,522
-2.348428823035641,1.03758534639022,523
-2.35121807338457,1.0378655568422621,524
-2.354002295842475,1.0381452621881142,525
-2.356781499472612,1.0384244633382789,526
-2.359555693321899,1.0387031612016169,527
-2.3623248864209456,1.038981356685351,528
-2.3650890877840833,1.0392590506950687,529
-2.3678483064093947,1.039536244134725,530
-2.370602551278742,1.039812937906645,531
-2.3733518313577973,1.040089132911528,532
-2.3760961555960702,1.0403648300484494,533
-2.378835532926939,1.0406400302148637,534
-2.381569972267678,1.0409147343066083,535
-2.3842994825194883,1.041188943217905,536
-2.3870240725675242,1.0414626578413637,537
-2.3897437512809248,1.041735879067986,538
-2.392458527512841,1.042008607787167,539
-2.395168410100466,1.0422808448866987,540
-2.3978734078650623,1.042552591252772,541
-2.4005735296119917,1.0428238477699816,542
-2.4032687841307427,1.0430946153213267,543
-2.405959180194961,1.0433648947882153,544
-2.408644726562476,1.043634687050466,545
-2.4113254319753312,1.0439039929863123,546
-2.414001305159811,1.0441728134724042,547
-2.41667235482647,1.044441149383811,548
-2.419338589670162,1.0447090015940252,549
-2.4220000183700656,1.0449763709749644,550
-2.4246566495897164,1.045243258396975,551
-2.4273084919770316,1.045509664728834,552
-2.4299555541643407,1.0457755908377522,553
-2.4325978447684125,1.0460410375893778,554
-2.4352353723904825,1.0463060058477982,555
-2.4378681456162825,1.046570496475543,556
-2.4404961730160672,1.0468345103335874,557
-2.443119463144643,1.0470980482813548,558
-2.4457380245413947,1.0473611111767187,559
-2.4483518657303147,1.0476236998760067,560
-2.45096099522003,1.0478858152340025,561
-2.4535654215038303,1.0481474581039494,562
-2.456165153059694,1.0484086293375523,563
-2.458760198350319,1.0486693297849807,564
-2.461350565823147,1.048929560294872,565
-2.4639362639103926,1.0491893217143338,566
-2.466517301029071,1.0494486148889461,567
-2.469093685581025,1.0497074406627656,568
-2.471665425952951,1.0499657998783265,569
-2.474232530516429,1.0502236933766451,570
-2.4767950076279486,1.0504811219972212,571
-2.4793528656289343,1.0507380865780418,572
-2.4819061128457762,1.0509945879555826,573
-2.4844547575898543,1.0512506269648123,574
-2.4869988081575665,1.0515062044391936,575
-2.489538272830356,1.0517613212106878,576
-2.4920731598747383,1.0520159781097556,577
-2.4946034775423267,1.0522701759653612,578
-2.497129234069861,1.0525239156049746,579
-2.4996504376792332,1.052777197854574,580
-2.5021670965775145,1.0530300235386487,581
-2.504679218956982,1.0532823934802016,582
-2.507186812995146,1.0535343085007525,583
-2.509689886854775,1.05378576942034,584
-2.512188448683924,1.0540367770575247,585
-2.514682506615961,1.0542873322293915,586
-2.5171720687695913,1.0545374357515525,587
-2.5196571432488866,1.0547870884381496,588
-2.52213773814331,1.055036291101857,589
-2.524613861527742,1.055285044553884,590
-2.5270855214625083,1.055533349603978,591
-2.5295527259934047,1.0557812070604262,592
-2.5320154831517234,1.0560286177300593,593
-2.5344738009542795,1.056275582418253,594
-2.5369276874034377,1.0565221019289317,595
-2.5393771504871365,1.0567681770645707,596
-2.541822198178916,1.0570138086261986,597
-2.5442628384379438,1.0572589974134,598
-2.546699079209039,1.0575037442243178,599
-2.549130928422701,1.057748049855657,600
-2.5515583939951316,1.0579919151026862,601
-2.5539814838282653,1.05823534075924,602
-2.556400205809791,1.0584783276177225,603
-2.55881456781318,1.0587208764691094,604
-2.5612245776977107,1.0589629881029503,605
-2.563630243308494,1.0592046633073717,606
-2.5660315724765,1.0594459028690795,607
-2.5684285730185823,1.0596867075733616,608
-2.570821252737504,1.0599270782040897,609
-2.573209619421962,1.0601670155437235,610
-2.575593680846615,1.0604065203733115,611
-2.5779734447721063,1.0606455934724945,612
-2.58034891894509,1.0608842356195078,613
-2.582720111098256,1.0611224475911842,614
-2.585087028950355,1.0613602301629559,615
-2.5874496802062246,1.0615975841088572,616
-2.589808072556813,1.0618345102015276,617
-2.5921622136792055,1.0620710092122134,618
-2.594512111236648,1.0623070819107707,619
-2.5968577728785727,1.0625427290656682,620
-2.5991992062406233,1.0627779514439888,621
-2.6015364189446797,1.0630127498114332,622
-2.603869418598882,1.0632471249323217,623
-2.606198212797657,1.0634810775695966,624
-2.6085228091217405,1.0637146084848252,625
-2.610843215138204,1.0639477184382018,626
-2.6131594384004786,1.0641804081885504,627
-2.6154714864483792,1.0644126784933277,628
-2.61777936680813,1.064644530108624,629
-2.6200830869923886,1.0648759637891674,630
-2.622382654500269,1.0651069802883253,631
-2.624678076817369,1.0653375803581073,632
-2.6269693614157923,1.065567764749167,633
-2.629256515754173,1.0657975342108053,634
-2.6315395472777006,1.0660268894909721,635
-2.633818463418144,1.0662558313362696,636
-2.6360932715938756,1.0664843604919532,637
-2.6383639792098954,1.0667124777019357,638
-2.640630593657855,1.0669401837087886,639
-2.6428931223160825,1.0671674792537453,640
-2.645151572549605,1.0673943650767024,641
-2.647405951710174,1.067620841916223,642
-2.649656267136288,1.0678469105095392,643
-2.6519025261532185,1.0680725715925536,644
-2.6541447360730315,1.068297825899843,645
-2.6563829041946128,1.0685226741646592,646
-2.6586170378036904,1.0687471171189327,647
-2.6608471441728603,1.0689711554932748,648
-2.663073230561608,1.0691947900169796,649
-2.6652953042163334,1.0694180214180262,650
-2.667513372370374,1.0696408504230823,651
-2.669727442244029,1.069863277757505,652
-2.6719375210445815,1.0700853041453442,653
-2.6741436159663237,1.0703069303093442,654
-2.6763457341905785,1.0705281569709473,655
-2.678543882885724,1.0707489848502947,656
-2.680738069207217,1.0709694146662294,657
-2.682928300297616,1.071189447136299,658
-2.685114583286604,1.0714090829767575,659
-2.6872969252910113,1.0716283229025678,660
-2.689475333414841,1.0718471676274042,661
-2.6916498147492893,1.0720656178636538,662
-2.693820376372771,1.0722836743224204,663
-2.69598702535094,1.0725013377135257,664
-2.698149768736715,1.0727186087455118,665
-2.7003086135703005,1.0729354881256434,666
-2.7024635668792096,1.0731519765599107,667
-2.7046146356782894,1.0733680747530312,668
-2.7067618269697404,1.0735837834084516,669
-2.708905147743142,1.0737991032283511,670
-2.7110446049754735,1.0740140349136431,671
-2.7131802056311383,1.0742285791639774,672
-2.715311956661985,1.0744427366777425,673
-2.7174398650073317,1.074656508152068,674
-2.719563937593987,1.0748698942828274,675
-2.7216841813362733,1.075082895764639,676
-2.7238006031360498,1.0752955132908697,677
-2.7259132098827337,1.075507747553636,678
-2.728022008453324,1.0757195992438071,679
-2.730127005712423,1.0759310690510069,680
-2.7322282085122587,1.0761421576636157,681
-2.734325623692708,1.0763528657687735,682
-2.7364192580813174,1.0765631940523814,683
-2.7385091184933263,1.0767731431991043,684
-2.74059521173169,1.0769827138923727,685
-2.742677544587099,1.0771919068143851,686
-2.7447561238380045,1.0774007226461104,687
-2.746830956250638,1.07760916206729,688
-2.7489020485790343,1.07781722575644,689
-2.750969407565054,1.0780249143908534,690
-2.7530330399384044,1.0782322286466022,691
-2.755092952416662,1.0784391691985398,692
-2.7571491517052937,1.0786457367203033,693
-2.75920164449768,1.0788519318843153,694
-2.7612504374751357,1.0790577553617862,695
-2.7632955373069312,1.079263207822717,696
-2.7653369506503163,1.0794682899358998,697
-2.7673746841505387,1.0796730023689225,698
-2.769408744440869,1.079877345788169,699
-2.771439138142619,1.0800813208588218,700
-2.773465871865167,1.0802849282448646,701
-2.775488952205976,1.080488168609084,702
-2.7775083857506164,1.0806910426130723,703
-2.7795241790727876,1.0808935509172286,704
-2.7815363387343397,1.0810956941807621,705
-2.783544871285294,1.0812974730616935,706
-2.7855497832638654,1.0814988882168572,707
-2.787551081196482,1.081699940301904,708
-2.7895487715978082,1.0819006299713023,709
-2.7915428609707647,1.0821009578783414,710
-2.79353335580655,1.0823009246751323,711
-2.7955202625846622,1.0825005310126108,712
-2.7975035877729186,1.0826997775405394,713
-2.7994833378274784,1.0828986649075094,714
-2.801459519192863,1.0830971937609428,715
-2.8034321383019756,1.0832953647470946,716
-2.8054012015761254,1.0834931785110549,717
-2.8073667154250455,1.0836906356967508,718
-2.8093286862469147,1.083887736946949,719
-2.811287120428379,1.0840844829032572,720
-2.813242024344571,1.0842808742061265,721
-2.815193404359133,1.0844769114948543,722
-2.817141266824235,1.0846725954075842,723
-2.8190856180805968,1.084867926581311,724
-2.8210264644575087,1.0850629056518801,725
-2.8229638122728518,1.0852575332539915,726
-2.8248976678331186,1.0854518100212005,727
-2.8268280374334336,1.085645736585921,728
-2.8287549273575734,1.085839313579426,729
-2.8306783438779877,1.0860325416318515,730
-2.8325982932558196,1.0862254213721971,731
-2.834514781740926,1.0864179534283287,732
-2.8364278155718976,1.0866101384269806,733
-2.8383374009760796,1.086801976993757,734
-2.8402435441695912,1.0869934697531343,735
-2.8421462513573474,1.087184617328464,736
-2.844045528733078,1.087375420341973,737
-2.8459413824793476,1.0875658794147673,738
-2.8478338187675765,1.0877559951668327,739
-2.84972284375806,1.087945768217038,740
-2.8516084635999897,1.088135199183136,741
-2.8534906844314714,1.0883242886817661,742
-2.8553695123795473,1.088513037328456,743
-2.8572449535602154,1.088701445737624,744
-2.859117014078448,1.0888895145225812,745
-2.860985700028213,1.0890772442955325,746
-2.8628510174924937,1.0892646356675795,747
-2.864712972543308,1.0894516892487223,748
-2.866571571241728,1.0896384056478612,749
-2.868426819637901,1.0898247854727994,750
-2.8702787237710674,1.090010829330244,751
-2.872127289669582,1.0901965378258085,752
-2.8739725233509326,1.090381911564015,753
-2.8758144308217597,1.0905669511482956,754
-2.877653018077877,1.0907516571809948,755
-2.879488291104289,1.0909360302633713,756
-2.8813202558752127,1.0911200709956,757
-2.8831489183540957,1.0913037799767737,758
-2.8849742844936355,1.0914871578049057,759
-2.8867963602357998,1.091670205076931,760
-2.8886151515118454,1.0918529223887086,761
-2.890430664242337,1.0920353103350233,762
-2.892242904337167,1.0922173695095885,763
-2.8940518776955746,1.0923991005050462,764
-2.8958575902061656,1.0925805039129708,765
-2.8976600477469305,1.0927615803238704,766
-2.8994592561852643,1.0929423303271883,767
-2.9012552213779856,1.0931227545113058,768
-2.9030479491713552,1.0933028534635427,769
-2.904837445401096,1.093482627770161,770
-2.906623715892411,1.0936620780163653,771
-2.9084067664600024,1.0938412047863058,772
-2.9101866029080914,1.0940200086630791,773
-2.9119632310304366,1.0941984902287314,774
-2.9137366566103524,1.0943766500642593,775
-2.9155068854207284,1.0945544887496121,776
-2.917273923224048,1.094732006863694,777
-2.9190377757724075,1.0949092049843652,778
-2.920798448807534,1.0950860836884444,779
-2.922555948060804,1.0952626435517108,780
-2.9243102792532647,1.0954388851489054,781
-2.9260614480956484,1.0956148090537334,782
-2.9278094602883944,1.0957904158388658,783
-2.929554321521666,1.0959657060759411,784
-2.93129603747537,1.0961406803355676,785
-2.933034613819174,1.0963153391873246,786
-2.9347700562125256,1.0964896831997653,787
-2.936502370304671,1.0966637129404178,788
-2.9382315617346726,1.096837428975787,789
-2.939957636131428,1.0970108318713567,790
-2.9416805991136887,1.0971839221915918,791
-2.9434004562900773,1.0973567004999385,792
-2.9451172132591066,1.0975291673588288,793
-2.9468308756091974,1.0977013233296797,794
-2.948541448918697,1.097873168972897,795
-2.9502489387558963,1.0980447048478763,796
-2.9519533506790503,1.0982159315130038,797
-2.953654690236394,1.0983868495256603,798
-2.955352962966161,1.0985574594422216,799
-2.957048174396602,1.09872776181806,800
-2.9587403300460022,1.0988977572075473,801
-2.9604294354226997,1.0990674461640562,802
-2.9621154960251035,1.0992368292399608,803
-2.963798517341711,1.0994059069866409,804
-2.965478504851126,1.0995746799544812,805
-2.9671554640220763,1.0997431486928748,806
-2.968829400313433,1.0999113137502248,807
-2.9705003191742256,1.100079175673945,808
-2.972168226043662,1.1002467350104628,809
-2.973833126351145,1.100413992305221,810
-2.9754950255162913,1.1005809481026785,811
-2.977153928948947,1.1007476029463132,812
-2.978809842049207,1.100913957378623,813
-2.9804627702074318,1.1010800119411286,814
-2.9821127188042658,1.1012457671743734,815
-2.983759693210654,1.1014112236179276,816
-2.985403698787859,1.1015763818103879,817
-2.9870447408874803,1.1017412422893806,818
-2.9886828248514705,1.101905805591563,819
-2.9903179560121522,1.1020700722526242,820
-2.9919501396922366,1.1022340428072888,821
-2.9935793812048392,1.1023977177893167,822
-2.9952056858534997,1.102561097731506,823
-2.996829058932196,1.1027241831656942,824
-2.9984495057253646,1.10288697462276,825
-3.000067031507915,1.1030494726326259,826
-3.001681641545249,1.1032116777242582,827
-3.0032933410932765,1.10337359042567,828
-3.0049021353984338,1.1035352112639227,829
-3.006508029697699,1.103696540765128,830
-3.008111029218611,1.1038575794544485,831
-3.0097111391792852,1.1040183278561004,832
-3.0113083647884307,1.1041787864933554,833
-3.0129027112453675,1.1043389558885413,834
-3.014494183740043,1.1044988365630448,835
-3.0160827874530503,1.1046584290373125,836
-3.0176685275556423,1.104817733830853,837
-3.019251409209752,1.1049767514622382,838
-3.020831437568006,1.1051354824491055,839
-3.022408617773744,1.1052939273081595,840
-3.023982954961034,1.1054520865551725,841
-3.0255544542546886,1.1056099607049876,842
-3.0271231207702836,1.10576755027152,843
-3.0286889596141724,1.1059248557677583,844
-3.0302519758835045,1.1060818777057666,845
-3.0318121746662405,1.1062386165966855,846
-3.0333695610411704,1.1063950729507346,847
-3.034924140077929,1.1065512472772134,848
-3.036475916837012,1.106707140084504,849
-3.038024896369793,1.106862751880072,850
-3.0395710837185415,1.1070180831704672,851
-3.041114483916436,1.1071731344613276,852
-3.042655101987583,1.1073279062573789,853
-3.044192942947033,1.1074823990624372,854
-3.0457280118007954,1.1076366133794109,855
-3.047260313545857,1.1077905497103013,856
-3.0487898531701956,1.1079442085562048,857
-3.050316635652799,1.1080975904173147,858
-3.051840665963679,1.1082506957929228,859
-3.0533619490638895,1.1084035251814206,860
-3.0548804899055404,1.1085560790803013,861
-3.0563962934318156,1.1087083579861612,862
-3.057909364576988,1.108860362394702,863
-3.059419708266437,1.109012092800731,864
-3.060927329416663,1.1091635496981642,865
-3.062432232935303,1.1093147335800269,866
-3.063934423721149,1.109465644938456,867
-3.0654339066641616,1.1096162842647008,868
-3.0669306866454873,1.1097666520491256,869
-3.068424768537473,1.1099167487812107,870
-3.0699161572036835,1.1100665749495537,871
-3.0714048574989166,1.1102161310418717,872
-3.072890874269218,1.1103654175450026,873
-3.074374212351899,1.110514434944907,874
-3.0758548765755505,1.1106631837266687,875
-3.07733287176006,1.1108116643744983,876
-3.0788082027166257,1.1109598773717324,877
-3.0802808742477743,1.1111078232008371,878
-3.0817508911473745,1.1112555023434085,879
-3.083218258200654,1.1114029152801745,880
-3.0846829801842155,1.1115500624909966,881
-3.0861450618660498,1.1116969444548714,882
-3.087604508005554,1.111843561649932,883
-3.0890613233535458,1.1119899145534495,884
-3.0905155126522788,1.1121360036418346,885
-3.0919670806354587,1.1122818293906396,886
-3.0934160320282578,1.112427392274559,887
-3.0948623715473307,1.112572692767432,888
-3.0963061039008304,1.1127177313422438,889
-3.0977472337884224,1.1128625084711268,890
-3.0991857659013013,1.1130070246253623,891
-3.100621704922205,1.1131512802753818,892
-3.1020550555254296,1.1132952758907695,893
-3.1034858223768462,1.1134390119402626,894
-3.1049140101339154,1.1135824888917536,895
-3.1063396234457015,1.1137257072122915,896
-3.107762666952889,1.113868667368083,897
-3.109183145287797,1.1140113698244951,898
-3.1106010630743945,1.1141538150460557,899
-3.112016424928315,1.114296003496455,900
-3.1134292354568713,1.114437935638548,901
-3.114839499259073,1.1145796119343547,902
-3.1162472209256378,1.1147210328450625,903
-3.117652405039009,1.1148621988310277,904
-3.1190550561733694,1.1150031103517763,905
-3.120455178894656,1.1151437678660066,906
-3.121852777760576,1.1152841718315896,907
-3.1232478573206204,1.115424322705571,908
-3.1246404221160793,1.1155642209441723,909
-3.1260304766800573,1.1157038670027934,910
-3.127418025537487,1.1158432613360127,911
-3.128803073205144,1.1159824043975897,912
-3.1301856241916632,1.116121296640465,913
-3.1315656829975516,1.1162599385167638,914
-3.132943254115203,1.1163983304777958,915
-3.1343183420289145,1.116536472974057,916
-3.1356909512148987,1.1166743664552319,917
-3.1370610861413,1.1168120113701938,918
-3.1384287512682083,1.116949408167007,919
-3.1397939510476736,1.1170865572929285,920
-3.1411566899237213,1.1172234591944088,921
-3.1425169723323654,1.1173601143170935,922
-3.143874802701624,1.1174965231058251,923
-3.145230185451533,1.1176326860046442,924
-3.1465831249941605,1.1177686034567906,925
-3.1479336257336223,1.117904275904706,926
-3.1492816920660944,1.1180397037900336,927
-3.1506273283798287,1.118174887553621,928
-3.151970539055167,1.1183098276355212,929
-3.1533113284645546,1.1184445244749937,930
-3.1546497009725556,1.118578978510506,931
-3.1559856609358663,1.1187131901797358,932
-3.15731921270333,1.1188471599195713,933
-3.1586503606159497,1.1189808881661139,934
-3.1599791090069047,1.119114375354678,935
-3.161305462201563,1.1192476219197935,936
-3.1626294245174944,1.119380628295208,937
-3.163951000264488,1.1195133949138856,938
-3.165270193744562,1.1196459222080113,939
-3.166587009251982,1.1197782106089904,940
-3.167901451073271,1.1199102605474507,941
-3.169213523487225,1.1200420724532438,942
-3.1705232307649287,1.1201736467554462,943
-3.1718305771697666,1.1203049838823613,944
-3.1731355669574377,1.1204360842615202,945
-3.174438204375971,1.1205669483196836,946
-3.175738493665737,1.1206975764828424,947
-3.1770364390594628,1.1208279691762202,948
-3.1783320447822456,1.1209581268242739,949
-3.1796253150515663,1.121088049850695,950
-3.180916254077304,1.1212177386784117,951
-3.182204866061748,1.1213471937295894,952
-3.1834911551996137,1.1214764154256327,953
-3.1847751256780543,1.1216054041871868,954
-3.186056781676676,1.1217341604341384,955
-3.18733612736755,1.1218626845856172,956
-3.188613166915228,1.1219909770599976,957
-3.1898879044767536,1.1221190382748998,958
-3.1911603442016774,1.1222468686471911,959
-3.1924304902320704,1.1223744685929875,960
-3.1936983467025364,1.1225018385276548,961
-3.1949639177402265,1.1226289788658101,962
-3.196227207464853,1.1227558900213233,963
-3.1974882199887005,1.1228825724073177,964
-3.198746959416642,1.1230090264361725,965
-3.2000034298461504,1.1231352525195233,966
-3.201257635367313,1.1232612510682638,967
-3.202509580062844,1.1233870224925466,968
-3.2037592680080986,1.1235125672017858,969
-3.205006703271085,1.1236378856046567,970
-3.206251889912479,1.123762978109098,971
-3.2074948319856365,1.1238878451223138,972
-3.208735533536607,1.1240124870507733,973
-3.209973998604146,1.1241369043002134,974
-3.211210231219729,1.1242610972756395,975
-3.2124442354075655,1.124385066381327,976
-3.2136760151846095,1.1245088120208229,977
-3.2149055745605746,1.124632334596946,978
-3.2161329175379465,1.1247556345117895,979
-3.217358048111996,1.1248787121667216,980
-3.2185809702707924,1.1250015679623875,981
-3.2198016879952154,1.1251242022987094,982
-3.2210202052589696,1.125246615574889,983
-3.222236526028596,1.1253688081894087,984
-3.2234506542634853,1.1254907805400318,985
-3.224662593915892,1.1256125330238056,986
-3.2258723489309458,1.1257340660370607,987
-3.2270799232466643,1.125855379975414,988
-3.2282853207939675,1.125976475233769,989
-3.229488545496689,1.1260973522063173,990
-3.2306896012715893,1.12621801128654,991
-3.231888492028369,1.126338452867209,992
-3.23308522166968,1.126458677340388,993
-3.2342797940911403,1.1265786850974338,994
-3.2354722131813456,1.1266984765289985,995
-3.2366624828218815,1.126818052025029,996
-3.237850606887337,1.1269374119747702,997
-3.239036589245317,1.1270565567667645,998
-3.240220433756454,1.1271754867888548,999
-3.2414021442744225,1.1272942024281842,1000
-3.2425817246459494,1.1274127040711983,1001
-3.2437591787108278,1.1275309921036458,1002
-3.244934510301929,1.1276490669105803,1003
-3.246107723245215,1.1277669288763612,1004
-3.2472788213597523,1.1278845783846552,1005
-3.248447808457722,1.1280020158184372,1006
-3.2496146883444337,1.1281192415599917,1007
-3.2507794648183377,1.1282362559909143,1008
-3.251942141671037,1.1283530594921127,1009
-3.2531027226873,1.128469652443808,1010
-3.254261211645073,1.1285860352255357,1011
-3.2554176123154916,1.1287022082161475,1012
-3.2565719284628942,1.1288181717938117,1013
-3.257724163844833,1.1289339263360154,1014
-3.258874322212087,1.1290494722195652,1015
-3.260022407308674,1.129164809820588,1016
-3.261168422871864,1.1292799395145332,1017
-3.2623123726321883,1.1293948616761733,1018
-3.263454260313455,1.1295095766796048,1019
-3.264594089632759,1.1296240848982508,1020
-3.2657318643004953,1.12973838670486,1021
-3.2668675880203697,1.1298524824715106,1022
-3.2680012644894125,1.1299663725696087,1023
-3.2691328973979896,1.1300800573698921,1024
-3.2702624904298143,1.1301935372424294,1025
-3.27139004726196,1.130306812556623,1026
-3.2725155715648717,1.130419883681208,1027
-3.2736390670023785,1.1305327509842567,1028
-3.274760537231704,1.1306454148331766,1029
-3.275879985903481,1.130757875594713,1030
-3.2769974166617595,1.1308701336349507,1031
-3.278112833144023,1.1309821893193142,1032
-3.279226238981196,1.1310940430125693,1033
-3.28033763779766,1.1312056950788243,1034
-3.2814470332112613,1.1313171458815312,1035
-3.282554428833326,1.131428395783487,1036
-3.2836598282686698,1.1315394451468344,1037
-3.2847632351156104,1.1316502943330633,1038
-3.2858646529659796,1.1317609437030123,1039
-3.2869640854051343,1.1318713936168696,1040
-3.2880615360119685,1.1319816444341735,1041
-3.2891570083589245,1.132091696513815,1042
-3.2902505060120055,1.1322015502140375,1043
-3.2913420325307867,1.1323112058924392,1044
-3.2924315914684263,1.132420663905973,1045
-3.293519186371678,1.1325299246109493,1046
-3.2946048207809016,1.132638988363035,1047
-3.2956884982300756,1.1327478555172572,1048
-3.296770222246808,1.132856526428002,1049
-3.297849996352348,1.1329650014490171,1050
-3.2989278240615976,1.1330732809334128,1051
-3.3000037088831222,1.1331813652336624,1052
-3.3010776543191636,1.133289254701604,1053
-3.3021496638656496,1.1333969496884415,1054
-3.3032197410122066,1.1335044505447458,1055
-3.304287889242171,1.1336117576204556,1056
-3.305354112032599,1.1337188712648791,1057
-3.306418412854281,1.133825791826695,1058
-3.307480795171749,1.1339325196539527,1059
-3.3085412624432906,1.134039055094075,1060
-3.3095998181209603,1.1341453984938583,1061
-3.3106564656505886,1.1342515501994734,1062
-3.3117112084717952,1.1343575105564676,1063
-3.312764050018,1.134463279909765,1064
-3.313814993716433,1.1345688586036682,1065
-3.314864042988147,1.134674246981859,1066
-3.3159112012480274,1.1347794453873994,1067
-3.3169564719048044,1.1348844541627336,1068
-3.317999858361063,1.1349892736496883,1069
-3.319041364013256,1.1350939041894739,1070
-3.3200809922517123,1.1351983461226856,1071
-3.32111874646065,1.135302599789305,1072
-3.3221546300181872,1.1354066655287005,1073
-3.3231886462963525,1.1355105436796291,1074
-3.3242207986610954,1.135614234580237,1075
-3.3252510904722987,1.1357177385680606,1076
-3.3262795250837884,1.1358210559800281,1077
-3.327306105843345,1.1359241871524608,1078
-3.328330836092714,1.136027132421073,1079
-3.3293537191676177,1.1361298921209741,1080
-3.330374758397765,1.1362324665866697,1081
-3.3313939571068625,1.1363348561520619,1082
-3.332411318612626,1.1364370611504513,1083
-3.33342684622679,1.1365390819145378,1084
-3.3344405432551207,1.1366409187764213,1085
-3.335452412997424,1.1367425720676032,1086
-3.336462458747558,1.136844042118987,1087
-3.337470683793444,1.1369453292608802,1088
-3.338477091417075,1.1370464338229949,1089
-3.339481684894529,1.1371473561344483,1090
-3.3404844674959784,1.1372480965237646,1091
-3.341485442485701,1.1373486553188763,1092
-3.3424846131220898,1.137449032847124,1093
-3.3434819826576647,1.137549229435259,1094
-3.3444775543390826,1.1376492454094427,1095
-3.3454713314071474,1.1377490810952493,1096
